,userid,content,data,tags
0,gs25_official,"gs25_official인증됨명절 선물이 고민인 당!신!에게😎GS25가 설 선물 맛집인 사실🎁당장 알려드림(엄.근.진.)📍CJ)햇반190G[36입] 32.900원32.900원&무료배송(20개 이상 구매 시)🔥📍정관장)에너지/아미노활기력샷(10입)35,000원 (1+1💥)📍이모카세)도시락김[12봉]12,000원 (1+1✨)📍조니워커 블랙700ml52,000원&본품1병+하이볼글라스1+코스터1set🎊착한 가격에 구성 무엇?🤷‍🤷‍나를 위한 선물로도 딱! (소곤소곤)* 지나친 음주는 뇌졸중, 기억력 손상이나 치매를 유발합니다.임신 중 음주는 기형아 출생 위험을 높입니다.#GS25 #재미상점 #재미있는GS25 #재미상점GS25 #우리동네선물가게 #편의점 #편의점인기템 #GS25신상 #우리동네GS #햇반 #정관장 #이모카세 #도시락김 #조니워커블랙 #설 #명절 #명절선물9분",2025-01-21,"['#GS25', '#재미상점', '#재미있는GS25', '#재미상점GS25', '#우리동네선물가게', '#편의점', '#편의점인기템', '#GS25신상', '#우리동네GS', '#햇반', '#정관장', '#이모카세', '#도시락김', '#조니워커블랙', '#설', '#명절', '#명절선물9분']"
1,gs25_official,"gs25_official인증됨이것 뭐예요..? 젤리 러버들 심쿵하는💗껍질째 먹는 젤리 시리즈의 귀환🔥더 쫄깃 달콤하게 돌아왔다! NEW 껍질째 먹는 시리즈🍭일본 국민 캔디 ‘세이카(Seika)’ 4종 사/전/예/약취향 저격 맛만 있는 거 시롸..?! 젤리 러버들은 우리동네GS앱에서 먼저 만나보기💙(속닥속닥... 품절 대란 전에 GET ㄱㄱ) 📆 1.21(화) 오전 11시 사전예약 START🍬껍질째 먹는 복숭아모찌(8입) 13,900원🍬껍질째 먹는 초코모찌(8입) 13,900원🍬껍질째 먹는 고구마아메(10입) 24,900원🍬껍질째 먹는 본탄아메(10입) 19,900원*각 500개 한정 판매 상품으로 조기 종료될 수 있습니다.*제주는 사전예약 미운영 됩니다. #GS25 #재미상점 #재미있는GS25 #재미상점GS25 #편의점 #편의점신상템 #편의점인기템 #GS25신상 #우리동네GS #세이카 #Seika #껍질째먹는젤리 #고구마아메 #본탄아메 #복숭아모찌 #초코모찌1시간",2025-01-21,"['#GS25', '#재미상점', '#재미있는GS25', '#재미상점GS25', '#편의점', '#편의점신상템', '#편의점인기템', '#GS25신상', '#우리동네GS', '#세이카', '#Seika', '#껍질째먹는젤리', '#고구마아메', '#본탄아메', '#복숭아모찌', '#초코모찌1시간']"
2,gs25_official,"gs25_official인증됨“당신의 새로운 도전을 응원합니다”It’s PRIME Time! D-2💥ㄴGS25 X PRIME 매장 입고 임박!WHO MADE THIS!🔥유튜버 로건폴 (2360만)과 KSI (2460만)가 론칭한 힙한 음료!미국 품절대란템을 집 앞 GS25에서?!날 설레게 해,,(๑•̀ㅂ•́)و✧두근두근 D-2😮화제의 그 스포츠 드링크를GS25에서 만나봐💙#GS25 #재미상점 #재미있는GS25 #재미상점GS25 #GS25프라임 #프라임하이드레이션 #프라임스포츠드링크#편의점 #편의점신상템 #편의점인기템 #GS25신상 #우리동네GS #프라임 #로건폴 #PRIME #KSI #우리동네GS #프라임이온음료 #스포츠음료 #이온음료17시간",2025-01-20,"['#GS25', '#재미상점', '#재미있는GS25', '#재미상점GS25', '#GS25프라임', '#프라임하이드레이션', '#프라임스포츠드링크', '#편의점', '#편의점신상템', '#편의점인기템', '#GS25신상', '#우리동네GS', '#프라임', '#로건폴', '#PRIME', '#KSI', '#우리동네GS', '#프라임이온음료', '#스포츠음료', '#이온음료17시간']"
3,gs25_official,"gs25_official인증됨커피 한 잔의 여유를 아는Chill한 당.신.🤎 커피러버들 무조건 pick (づ￣ 3￣)づ 늦은 밤 커피 생각이 난다면?디카페인 pick🔥다이어트 중 달달~한 게 땡길땐?저당 바닐라라떼 pick.✨ ☕유어스)디카페인아메리카노300ML 2,000원☕유어스)저당바닐라라떼300ML 2,000원 가까운 GS25에서 당장 만나봐💙 [#GS25 히든이벤트_커피 러버들 모여라]유어스 커피 2종 中 기대되는 제품을 댓글로 남겨주세요!추첨을 통해 선물을 드려요 🎁 🔹발표 일정: 2/14(화) 예정🔹당첨 인원: 50명※ 1월 히든이벤트에 해당되는 전체 당첨 인원입니다. 🎁이벤트 경품GS25 모바일상품권 5천원권 (50명) #GS25 #재미상점 #재미있는GS25 #재미상점GS25 #편의점 #편의점신상템 #편의점인기템 #GS25신상 #우리동네GS #유어스 #디카페인아메리카노 #저당바닐라라떼17시간",2025-01-20,"['#GS25', '#GS25', '#재미상점', '#재미있는GS25', '#재미상점GS25', '#편의점', '#편의점신상템', '#편의점인기템', '#GS25신상', '#우리동네GS', '#유어스', '#디카페인아메리카노', '#저당바닐라라떼17시간']"
4,gs25_official,gs25_official인증됨설 연휴 택배가 필요할 땐? GS25💙반값택배 진.짜 365일 연중무휴!설 연휴에도 저렴하게😮받고 싶은 설 명절 선물 1위! = GS25 ‘편.카’💳(속닥속닥 이젠 택배도 ‘편.카’로 결제 가능이래~)설 연휴에도 GS25에서 선물 구매하고연중무휴 반값 택배로 손쉽게 보내보자💙📆국내/국제택배는 잠깐 STOP🚚전국(제주/도서제외) 1.24(금) 전국 접수 마감&1.31(금) 정상 운영!🚚제주/도서 지역1.23(목) 접수 마감&1.31(금) 정상 운영!#GS25 #재미상점 #재미있는GS25 #재미상점GS25 #편의점 #편의점신상템 #편의점인기템 #GS25신상 #우리동네GS #설 #명절 #택배 #명절선물 #설선물 #편의점택배 #반값택배 #기프트카드 #편카18시간,2025-01-20,"['#GS25', '#재미상점', '#재미있는GS25', '#재미상점GS25', '#편의점', '#편의점신상템', '#편의점인기템', '#GS25신상', '#우리동네GS', '#설', '#명절', '#택배', '#명절선물', '#설선물', '#편의점택배', '#반값택배', '#기프트카드', '#편카18시간']"
5,gs25_official,"gs25_official인증됨1월 설레는 맥스티벌 두등장(づ￣ 3￣)づ요거요거 완전 내 취향 맥주들 아니얏..?! GS25에서 한 달간 진행하는 맥스티벌🍻✔️ 엑스파니아캔 500ml*6캔 5,940원✔️ 스텔라캔 500ml*6캔 13,000원✔️ 기네스흑맥주캔 440ml*4캔 10,000원✔️ 크러시캔 470ml*8캔 15,000원 등이 외에도 다양한 맥주가 준비되어 있대 +_+ 자세한 내용은 카드뉴스로 ㄱㄱㄱ💕💙행사 기간: ~1/31(금) * 지나친 음주는 뇌졸중, 기억력 손상이나 치매를 유발합니다.임신 중 음주는 기형아 출생 위험을 높입니다. #GS25 #재미상점 #재미있는GS25 #재미상점GS25 #편의점 #편의점인기템 #GS25신상 #우리동네GS #맥스티벌 #수입맥주19시간",2025-01-20,"['#GS25', '#재미상점', '#재미있는GS25', '#재미상점GS25', '#편의점', '#편의점인기템', '#GS25신상', '#우리동네GS', '#맥스티벌', '#수입맥주19시간']"
6,gs25_official,"jfi1114인증됨#광고 #막앤스키두둥! 버번 위스키 짐빔과 지평이 만나 막앤스키 출시!내가 그렇게 #막스키 만들어서 때렸는데 이제는 그럴 필요가 없음! 정말 볼때마다 감동스럽다는😍지평 누룩과 위스키 풍미가 장난이 아님!👍#GS25 #막걸리 #위스키#제이파이 #한잔말아bar〰️막앤스키는 전국의 GS25에서 구매할 수 있습니다〰️*지나친 음주는 뇌졸중, 기억력 손상이나 치매를 유발합니다. 임신중 음주는 기형아 출생 위험을 높입니다.20시간",2025-01-20,"['#광고', '#막앤스키두둥!', '#막스키', '#GS25', '#막걸리', '#위스키', '#제이파이', '#한잔말아bar〰️막앤스키는']"
7,gs25_official,"gs25_official인증됨Mr.백 : ??씨 잠깐 내려와봐유...!💢IGIN 애플토닉 이거 요물이네 요물! 쩝쩝박사의 대가, 백종원 대표와그의 베스트 술친구의 역/대/급 콜라보♡ 충남 예산 지니스램프에서 명인들의감사로 만들어진 IGIN 애플토닉🍎🍏ㄴ아직 안 마셨다구? 말이가 안되세여...😲 🍑 생자두의 과육향이 넘치는 새콤토닉🍉 시원달콤한 수박바 맛나는 달콤토닉 IGIN 애플토닉 많관부~! ( •̀ ω •́ )✧ *지나친 음주는 뇌졸중, 기억력 손상이나 치매를 유발합니다.임신 중 음주는 기형아 출생 위험을 높입니다. #GS25 #재미상점 #재미상점GS25 #재미있는GS25 #지니스램프 #아이긴 #아이긴애플토닉 #아이긴스마일파티 #아이긴파티 #wheresmilesbegin #IGIN #appletonic #달콤토닉 #새콤토닉 #jinislamp21시간",2025-01-20,"['#GS25', '#재미상점', '#재미상점GS25', '#재미있는GS25', '#지니스램프', '#아이긴', '#아이긴애플토닉', '#아이긴스마일파티', '#아이긴파티', '#wheresmilesbegin', '#IGIN', '#appletonic', '#달콤토닉', '#새콤토닉', '#jinislamp21시간']"
8,gs25_official,"gs25_official인증됨✨화제의 디저트! GS25 단독 출시!🧱벽돌 모양 초콜릿 케이크🍫🧱쫀득한 초코 브라우니 위에더 쫀득한 마시멜로 초콜릿을 얹어차갑게 먹으면 꾸덕~한 식감을!따뜻하게 먹으면 부드러운 초코의 풍미를!1/22(수) GS25에서 만나보세용!🤎 🍫벽돌 모양 초콜릿 케이크 4,300원 #GS25 #재미상점 #재미상점GS25 #재미있는GS25 #편의점 #편의점신상템 #편의점인기템 #GS25신상 #우리동네GS #편의점빵 #편의점디저트 #GS25빵 #GS25디저트 #벽돌케이크 #벽돌모양초콜릿케이크1일",2025-01-20,"['#GS25', '#재미상점', '#재미상점GS25', '#재미있는GS25', '#편의점', '#편의점신상템', '#편의점인기템', '#GS25신상', '#우리동네GS', '#편의점빵', '#편의점디저트', '#GS25빵', '#GS25디저트', '#벽돌케이크', '#벽돌모양초콜릿케이크1일']"
9,gs25_official,"gs25_official인증됨수산물러버는 조용히 손을 들어주세요🙋‍🙋쫄깃 통통 식감 예술 수산물만 모았다!😮 문어와 소라 조화 말모 말모~b(￣▽￣)d이젠 혼자도 수산물 먹기 가능하다구😋 🐙바로먹는데친문어120G(냉장) 6,900원🐚바로먹는데친문어소라120G(냉장) 6,900원 간편 먹템 찾을 땐?GS25로 ㄱㄱ💙 [#GS25 히든이벤트_문어야 소라해]문어와 소라에 대한 주접 댓글을 남겨주세요!추첨을 통해 선물을 드려요 🎁 🔹발표 일정: 2/14(화) 예정🔹당첨 인원: 50명※ 1월 히든이벤트에 해당되는 전체 당첨 인원입니다. 🎁이벤트 경품GS25 모바일상품권 5천원권 (50명) #GS25 #재미상점 #재미있는GS25 #재미상점GS25 #편의점 #편의점신상템 #편의점인기템 #GS25신상 #우리동네GS #수산물 #문어 #소라 #바로먹는데친문어 #바로먹는데친문어소라 #이벤트1일",2025-01-20,"['#GS25', '#GS25', '#재미상점', '#재미있는GS25', '#재미상점GS25', '#편의점', '#편의점신상템', '#편의점인기템', '#GS25신상', '#우리동네GS', '#수산물', '#문어', '#소라', '#바로먹는데친문어', '#바로먹는데친문어소라', '#이벤트1일']"
10,gs25_official,"just_maesil친구 자취방에서 술마실 때 국룰ㅋㅋ투명한 과일 원물 #프레시볼 로 무드등해야댐걸스토크 분위기 ㅇㅈ?💃💃🍊생 오렌지 / 자몽 웨지컷이 통으로 들어가서과일맛이 진하고 상큼한 프레시볼✨GS25에서 단독 출시했다고 하니 많관부!!!❤※지나친 음주는 뇌졸중, 기억력 손상이나 치매를 유발합니다. 임신 중 음주는 기형아 출생 위험을 높입니다.#GS25 #GS25_프레시볼 #술추천 #편의점하이볼 #하이볼 #과일하이볼 #편의점신상 #GS25하이볼1일",2025-01-19,"['#프레시볼', '#GS25', '#GS25_프레시볼', '#술추천', '#편의점하이볼', '#하이볼', '#과일하이볼', '#편의점신상', '#GS25하이볼1일']"
11,gs25_official,gs25_official인증됨무서운데 친절한 핑크가드와 게임을🕹ㄴ GS25 X <오징어게임>시즌2 팝업 현장 고고~!인생은 기회의 연/속🔥게임 재도전하고 콜라보 상품 받아갔다구?!오겜 팝업 간이고 쓸개고 다 준다 다 줘..💗여러분이 기대하던 오겜 콜라보 상품 모오두GS25에서 절찬 판매 중💙#GS25 #재미상점 #재미있는GS25 #편의점 #편의점신상템 #편의점인기템 #GS25신상 #우리동네GS #오징어게임2 #SquidGame2 #GameStart25 #netflix2일,2025-01-19,"['#GS25', '#재미상점', '#재미있는GS25', '#편의점', '#편의점신상템', '#편의점인기템', '#GS25신상', '#우리동네GS', '#오징어게임2', '#SquidGame2', '#GameStart25', '#netflix2일']"
12,gs25_official,"korean_easycook인증됨#광고 진짜 과일이 들어간 누..드 하이볼!?투명캔으로 호기심 자극하는 #프레시볼 마셔봤어요!뚜껑 딸 때 부터 탄산 팍~ 터지는게 아우~거기에 진짜 과일까지 들어간 상큼함이 치킨 먹을때 진짜 최고일듯!과일 안주 득템이라 자몽, 오렌지 다 먹어봤는데자몽 씁쓸한 맛이랑 오렌지 상큼함 아직 살아있곸ㅋㅋㅋ둘 다 맛있지만 좋아하는 과일에 따라 골라먹는 재미가 있을 거 같아요!투명캔부터 과일 슬라이스까지 빨대만 꽂으면 완전 칵테일이라친구들이랑 기분 내면서 홈파티에서 마시기에도 딱~일거 같죠!?GS25 단독 출시니까 많관부 (하트)※지나친 음주는 뇌졸중, 기억력 손상이나 치매를 유발합니다. 임신 중 음주는 기형아 출생 위험을 높입니다.#GS25 #GS25_프레시볼 #술추천 #편의점하이볼 #하이볼 #과일하이볼 #먹방 #편의점신상 #GS25하이볼2일",2025-01-18,"['#광고', '#프레시볼', '#GS25', '#GS25_프레시볼', '#술추천', '#편의점하이볼', '#하이볼', '#과일하이볼', '#먹방', '#편의점신상', '#GS25하이볼2일']"
13,gs25_official,"gs25_official인증됨o0o;;이게 느좋아니면 뭔데. 투명한 #프레시볼 으로술자리 갬성 조명 탕탕~ 새콤쌉쌀한 자몽 그리고달콤상콤한 오렌지 생과일이 쏙! 들어가은은하게 퍼지는 과일 본연의 맛🍊 #GS25 #재미상점 #재미있는GS25 #편의점 #편의점신상템 #편의점인기템 #GS25신상 #프레시볼 #하이볼 #투명하이볼 #원물하이볼 #과일하이볼 #GS25하이볼 * 지나친 음주는 뇌졸중, 기억력 손상이나 치매를 유발합니다. 임신 중 음주는 기형아 출생 위험을 높입니다.2일",2025-01-18,"['#프레시볼', '#GS25', '#재미상점', '#재미있는GS25', '#편의점', '#편의점신상템', '#편의점인기템', '#GS25신상', '#프레시볼', '#하이볼', '#투명하이볼', '#원물하이볼', '#과일하이볼', '#GS25하이볼']"
14,gs25_official,gs25_official인증됨핑크가드를 이겨라! ⭕️🔺🟥ㄴ GS25 X <오징어게임>시즌2 팝업 현장🔥커플부터 어린아이까지 즐긴 오겜 팝업💗달고나 초콜릿부터 라면까지 오겜 콜라보 상품 풀세트로 증정했다고?!핑크가드 이긴 사람들 부럽..（＞人＜；）GS25 X <오징어게임>시즌2 콜라보 제품이 궁금하다면?지금 당장 GS25로 출-발!💙#GS25 #재미상점 #재미있는GS25 #편의점 #편의점신상템 #편의점인기템 #GS25신상 #우리동네GS #오징어게임2 #SquidGame2 #GameStart25 #netflix3일,2025-01-18,"['#GS25', '#재미상점', '#재미있는GS25', '#편의점', '#편의점신상템', '#편의점인기템', '#GS25신상', '#우리동네GS', '#오징어게임2', '#SquidGame2', '#GameStart25', '#netflix3일']"
15,gs25_official,"ootb_studio의뢰자xGS25 위로도시락 1차 사전 예약 완판!아직 구매하지 못하셨다면?!지금 2차 사전 예약중이니 놓치지 마세요!3단으로 쌓아서 위로푸짐해서 마음도 위로!🍱 3단 위로 도시락 6,500원국민의 의뢰로 제품을 출시하는ootb STUDIO의 새 프로젝트 ’의뢰자‘’의뢰자‘ X GS25위로 도시락 [3단] 2차 사전 예약✔️사전예약 기간: 1/18(토)~1/20(월) 24:00✔️우리동네GS 앱에서 예약 가능3일",2025-01-18,[]
16,gs25_official,gs25_official인증됨어남선생 편스토랑 우-승🔥류수영표 레시피로달달 볶아 만든 맛도리 진미채볶음이 쏘옥~어남선생의 진미채김밥! 매콤 달콤한 진미채볶음과향긋한 깻잎의 조합✨이 조합 호불호 없이 무조건 호호호 #GS25 #재미상점 #재미있는GS25 #편의점 #편의점신상템 #편의점신상 #GS25신상 #우리동네GS #편스토랑 #GS25편스토랑 #류수영 #모두의한끼3일,2025-01-17,"['#GS25', '#재미상점', '#재미있는GS25', '#편의점', '#편의점신상템', '#편의점신상', '#GS25신상', '#우리동네GS', '#편스토랑', '#GS25편스토랑', '#류수영', '#모두의한끼3일']"
17,gs25_official,gs25_official인증됨<오징어 게임>시즌2 GS25 신상 모음⭕️🔺🟥오겜 과몰입으로든든한 한 끼부터 달콤~한 후식까지!😘미..쳤다(positive)📍오징어게임)영희네추억의도시락📍오징어게임)사라다김밥📍오징어게임)달고나컵케익📍오징어게임)고로케사라다빵📍오징어게임)달달초코마카롱<오징어 게임>시즌2를GS25에서 더 재미있게 만나봐💗#GS25 #재미상점 #재미있는GS25 #재미상점GS25 #편의점 #편의점신상템 #편의점인기템 #GS25신상 #우리동네GS #오징어게임2 #SquidGame2 #netflix #영희네추억의도시락 #사라다김밥 #달고나컵케익 #고로케사라다빵 #달달초코마카롱3일,2025-01-17,"['#GS25', '#재미상점', '#재미있는GS25', '#재미상점GS25', '#편의점', '#편의점신상템', '#편의점인기템', '#GS25신상', '#우리동네GS', '#오징어게임2', '#SquidGame2', '#netflix', '#영희네추억의도시락', '#사라다김밥', '#달고나컵케익', '#고로케사라다빵', '#달달초코마카롱3일']"
18,gs25_official,gs25_official인증됨하나씩 쌓여진 맛잘알 국민의 생생한 의견들을 모아맛도 양도 ‘위로’ 쌓아 올렸다! 전과자 제작진이 만든 신규 프로그램 ‘의뢰자’와 함께한위로(UP) 도시락 탄-생🌟들고 다니기 편하게 위로 UP UP! 푸짐한 찬 구성은 덤! 📅[3단] 위로 도시락 2차 사전 예약 기간📅- 일정 : 1/18(토) 00:00 ~ 1/20(월) 24:00- 고객 수령일 : 1/24(금) ✅위로 도시락 GS25 매장 출시 일정✅- 의뢰자) 위로 도시락(3단) 에그&함박 : 1/22(수)- 의뢰자) 위로 도시락(2단) 파김치&매운김치 : 1/24(금)*점포별 재고는 상이할 수 있습니다. [#EVENT @@아 밥심으로 위로받자😊]밥심이 필요한 친구 태그 후 위로 도시락 출시 소식을 알려 주세요!추첨을 통해 GS25 모바일상품권을 드려요🎁✔이벤트 기간: 1.17(금)~1.23(목)✔당첨자 발표: 2.4(화) 예정✔당첨자 경품: GS25 모바일상품권 3천원권 (10명)*3개의 게시물 중 작성하신 댓글 1개만 참여로 간주됩니다. #GS25 #재미상점 #재미있는GS25 #재미상점GS25 #편의점 #편의점신상템 #편의점인기템 #GS25신상 #우리동네GS #도시락 #편의점도시락 #ootb #의뢰자 #위로도시락 #국민도시락수정됨 · 3일,2025-01-17,"['#EVENT', '#GS25', '#재미상점', '#재미있는GS25', '#재미상점GS25', '#편의점', '#편의점신상템', '#편의점인기템', '#GS25신상', '#우리동네GS', '#도시락', '#편의점도시락', '#ootb', '#의뢰자', '#위로도시락', '#국민도시락수정됨']"
19,gs25_official,gs25_official인증됨하나씩 쌓여진 맛잘알 국민의 생생한 의견들을 모아맛도 양도 ‘위로’ 쌓아 올렸다! 전과자 제작진이 만든 신규 프로그램 ‘의뢰자’와 함께한위로(UP) 도시락 탄-생🌟들고 다니기 편하게 위로 UP UP! 푸짐한 찬 구성은 덤! 📅[3단] 위로 도시락 2차 사전 예약 기간📅- 일정 : 1/18(토) 00:00 ~ 1/20(월) 24:00- 고객 수령일 : 1/24(금) ✅위로 도시락 GS25 매장 출시 일정✅- 의뢰자) 위로 도시락(3단) 에그&함박 : 1/22(수)- 의뢰자) 위로 도시락(2단) 파김치&매운김치 : 1/24(금)*점포별 재고는 상이할 수 있습니다. [#EVENT @@아 밥심으로 위로받자😊]밥심이 필요한 친구 태그 후 위로 도시락 출시 소식을 알려 주세요!추첨을 통해 GS25 모바일상품권을 드려요🎁✔이벤트 기간: 1.17(금)~1.23(목)✔당첨자 발표: 2.4(화) 예정✔당첨자 경품: GS25 모바일상품권 3천원권 (10명)*3개의 게시물 중 작성하신 댓글 1개만 참여로 간주됩니다. #GS25 #재미상점 #재미있는GS25 #재미상점GS25 #편의점 #편의점신상템 #편의점인기템 #GS25신상 #우리동네GS #도시락 #편의점도시락 #ootb #의뢰자 #위로도시락 #국민도시락수정됨 · 3일,2025-01-17,"['#EVENT', '#GS25', '#재미상점', '#재미있는GS25', '#재미상점GS25', '#편의점', '#편의점신상템', '#편의점인기템', '#GS25신상', '#우리동네GS', '#도시락', '#편의점도시락', '#ootb', '#의뢰자', '#위로도시락', '#국민도시락수정됨']"
20,cu_official,"cu_official인증됨⠀설 명절 앞두고 통 크-게 찾아왔다!⠀✨ 2025 CU 주류페스타 ✨⠀⠀주목 주목!! 📢⠀1/17~1/31 국산 맥주 특가 할인!🔥 ⠀⠀[2개 이상 구매 시 특가할인]⠀🍺 테라/테라라이트/켈리 P1.6L ⠀개당 7,900원 →  개당 5,500원⠀🍺 필라이트/필라이트후레쉬 P1.6L ⠀개당 3,900원 → 개당 2,700원⠀⠀[번들로 구매시 할인]⠀🍻필라이트후레쉬캔 355ml x 6입 ⠀7,500원 → 4,500원⠀🍻필라이트후레쉬캔/필라이트캔 500ml x 6입 ⠀10,500원 →  7,200원⠀⠀※ 지나친 음주는 뇌졸중, 기억력 손상이나 치매를 유발합니다.※ 임신 중 음주는 기형아 출생 위험을 높입니다.⠀⠀#주류페스타 #CU주류페스타 #할인행사⠀#CU #CU1월행사 #맥주 #국내맥주 #테라⠀#CU #씨유 #당신의_좋은친구_CU수정됨 · 2일",2025-01-18,"['#주류페스타', '#CU주류페스타', '#할인행사⠀', '#CU', '#CU1월행사', '#맥주', '#국내맥주', '#테라⠀', '#CU', '#씨유', '#당신의_좋은친구_CU수정됨']"
21,cu_official,"cu_official인증됨⠀W👀W  이 가격 실화!?고물가 시대, 놀라운 가격으로내 지갑 지켜줄 👛💜놀라운 간편식 3종💜 출시!══╡•✦놀라운 간편식 MENU✦•╞══땡초소스로 볶은 어묵이 가득!라면과 같이 먹으면 더 맛있는🍙 놀라운땡초어묵삼각 / 990원🍚 놀라운땡초어묵김밥 / 2,200원어린 시절 추억 소환! 분홍소시지와 계란후라이, 볶음김치, 멸추볶음, 김까지!🍱 놀라운추억의도시락 / 3,900원══════════════════맛까지 놀랍다니가성비 미쳤다(positive)…! ദ്ദി ˉ͈̀꒳ˉ͈́ )✧✨댓글로 놀라운 간편식 같이 먹고 싶은 친구를 태그해주세요!추첨을 통해 선물을 드려요 🎁✔CU 인스타그램 팔로우는 필수!✔기간 : 1/15(수) ~ 1/22(수)✔당첨자 발표 : 1/31(금) *당첨자 개별 DM 발표✔경품 : CU모바일상품권 3천원권 (10명)빨리 이 소식을 친구들에게 알려줘!@ 아, 오늘 저녁은 놀라운 간편식 어때?#놀라운간편식 #놀라운땡초어묵삼각 #놀라운땡초어묵김밥 #놀라운추억의도시락 #편의점추천 #CU신상#CU #씨유 #당신의_좋은친구_CU수정됨 · 5일",2025-01-15,"['#놀라운간편식', '#놀라운땡초어묵삼각', '#놀라운땡초어묵김밥', '#놀라운추억의도시락', '#편의점추천', '#CU신상', '#CU', '#씨유', '#당신의_좋은친구_CU수정됨']"
22,cu_official,"cu_official인증됨⠀겨울에 먹으면 더 맛있다!⠀⠀믿.먹 연세우유 NEW FLAVOR ~ >ᴗ•ಣ⠀❤ 레드벨벳 3종 출시 ❤⠀⠀꾸우-덕 한 크림치즈와 부드러운 생크림의 환상 조화!⠀🍰 연세우유 레드벨벳 생크림빵⠀⠀ 부드럽고~ 달콤한~ 레드벨벳 시트에 크림치즈가 돌돌!⠀🍰 연세우유 레드벨벳 롤케익⠀⠀쫄깃한 떡과 고소한 크.치를 ⠀한입에 와앙! 먹으면 얼마나 맛있게요?⠀🍰  연세우유 레드벨벳 생크림떡⠀⠀이번에도 품절 대란 예상 ✨⠀⠀@아, 지금 바로 연세우유 레드벨벳 GET하러⠀CU로 달려가자 💨⠀⠀#연세우유레드벨벳 #연세우유생크림빵 #연세우유 ⠀#레드벨벳생크림빵 #레드벨벳생크림롤 #레드벨벳생크림떡⠀#CU신상 #CU #씨유 #당신의_좋은친구_CU수정됨 · 1주",2025-01-09,"['#연세우유레드벨벳', '#연세우유생크림빵', '#연세우유', '#레드벨벳생크림빵', '#레드벨벳생크림롤', '#레드벨벳생크림떡⠀', '#CU신상', '#CU', '#씨유', '#당신의_좋은친구_CU수정됨']"
23,cu_official,"cu_official인증됨새해 복 많~이 받으CU! _(*ˊᵕˋ*)_⠀2025년 설맞이혼설족도 맛있게 즐기도록!#명절11찬도시락 출시 🍱⠀아니 이게 도시락이야 수랏상이야 ❤⠀⋆˚✿˖°대표 명절 음식 총출동° ˖✿˚⋆⠀떡갈비와, 전, 잡채, 나물로 든든하게⠀찹쌀떡으로 달콤하게⠀⠀CU는 따뜻하고 부드러워CU는 항상 가좍들을 위해 여기 있어CU는 좋아​ 명절 도시락도 역시 CU 😚@아, 설날에 CU 가자!⠀#도시락 #편의점도시락 #설 #명절음식 #CU신상⠀#CU #씨유 #당신의_좋은친구_CU11분",2025-01-21,"['#명절11찬도시락', '#도시락', '#편의점도시락', '#설', '#명절음식', '#CU신상⠀', '#CU', '#씨유', '#당신의_좋은친구_CU11분']"
24,cu_official,"cu_official인증됨⠀2025년 신년맞이 다짐 있으신가요?먹잘알 덕후들 여기 주목! 🍔🍹알찬 25년을 시작할 CU덕후 50기를 모집합니다💙💡 이런 분이라면 주목!① 트렌드에 앞장서고 싶다!② 식사 전 인증샷은 필수다!③ 스토리나 쇼츠 영상을 매일 만든다!CU 신상품을 가장 빠르고 트렌디하게 소개할 수 있는 당신! CU덕후 50기가 될 시간입니다🙌인스타그램, 블로그, 틱톡, 유튜브 등 다양한 채널에서 CU 신상품을 소개할여러분을 기다립니다❣💙 CU덕후 50기 모집📌 모집인원: 100명📌 모집기간: 1/20(월) – 1/30(목)까지📌 합격자발표: 2/3(월)*네이버 블로그를 통해 발표*2/5(수)까지 개별 발표 메일에 회신이 없을 시, 합격이 취소될 수 있습니다.📌지원서: CU 인스타그램 프로필 링크를 통해 제출누구보다 빠르게 CU의 신상을 맛보고 리뷰하고 싶다면서둘러 지원해 주세요!※ 자세한 내용은 프로필 링크 CU 네이버 블로그 확인#CU서포터즈 #편의점서포터즈 #대외활동모집#CU덕후 #CU덕후50기#서포터즈 #대외활동 #체험단#CU #씨유 #당신의_좋은친구_CU수정됨 · 14시간",2025-01-20,"['#CU서포터즈', '#편의점서포터즈', '#대외활동모집', '#CU덕후', '#CU덕후50기', '#서포터즈', '#대외활동', '#체험단', '#CU', '#씨유', '#당신의_좋은친구_CU수정됨']"
25,cu_official,"cu_official인증됨⠀#EVENT⠀안녕하세요 비주얼을 맡고 있는 곤약(?)입니다만✨⠀⠀실력도 레전드, 활동명도 레전드 🎤⠀⠀예사롭지 않은 게스트⠀[다이나믹듀오& 거미]의⠀예사롭지 않은 입담 대공개!⠀⠀개코VS최자VS거미VS곤약 중⠀가장 독특한 활동명을 댓글에 남겨주세요!⠀추첨을 통해 선물을 드립니다🎁 ⠀⠀💗 이벤트 기간 : 1/20(월) ~ 1/27(월)⠀💗 당첨자 발표 : 2/4(화)⠀💗 이벤트 경품 : CU모바일상품권 3천 원권(10명)⠀⠀활동명에 관한 비하인드 스토리가 궁금하다면?⠀지금 바로 💚씨유튜브에서 6화 풀버전 확인하기 💚⠀⠀#CU #빌보드코리아 #T_TIME_그르르갉 #그르르갉⠀#다이나믹듀오 #다듀 #개코 #최자 #거미 #미연 #MIYEON⠀#아이들 #GIDLE #IDLE #댓글이벤트 #이벤트수정됨 · 17시간",2025-01-20,"['#EVENT⠀안녕하세요', '#CU', '#빌보드코리아', '#T_TIME_그르르갉', '#그르르갉⠀', '#다이나믹듀오', '#다듀', '#개코', '#최자', '#거미', '#미연', '#MIYEON⠀', '#아이들', '#GIDLE', '#IDLE', '#댓글이벤트', '#이벤트수정됨']"
26,cu_official,"cu_official인증됨⠀#EVENT똘기는 필수, 독기는 디폴트!대한민국 신뢰도 1위탐사보도 프로그램 ‘트리거’ PD들의 이야기💬디즈니+의 오리지널 시리즈 <트리거> 지금 스트리밍 중! 💥디즈니플러스에서 1, 2화 정주행하고 기대평 이벤트에 참여해보세요!친필 싸인 포스터부터 디즈니플러스 이용권까지 선물 드려요🎁📌참여방법① CU 인스타그램 계정 팔로우② <트리거> 기대평을 남겨주세요* 1/15 기준 1-2화 시청 가능합니다. 남은 에피소드도 많.관.부!⠀📌이벤트 기간1/20(월)~1/27(월)*당첨자 발표: 2월 3일📌당첨 상품- 배우 싸인 포스터 (3명)- 디즈니+ 스탠다드 3개월 이용권 (100명)- CU 모바일 상품권 3천원권 (10명)#디즈니플러스 #디즈니+ #트리거 #디즈니플러스트리거#김혜수 #정성일 #주종혁 #CU이벤트 #이벤트 #디즈니플러스이벤트#CU #씨유 #당신의_좋은친구_CU수정됨 · 17시간",2025-01-20,"['#EVENT똘기는', '#디즈니플러스', '#디즈니+', '#트리거', '#디즈니플러스트리거', '#김혜수', '#정성일', '#주종혁', '#CU이벤트', '#이벤트', '#디즈니플러스이벤트', '#CU', '#씨유', '#당신의_좋은친구_CU수정됨']"
27,cu_official,"cu_official인증됨⠀귀여운 건 못 참지! 귀여운 패키지와 헬로키티 어묵🎀⠀거기다가 무려 15종의 랜덤 스티커까지!⠀⠀해외 직구·공구템이었던 헬로키티 라면을⠀지금 바로, 오직 CU에서만 만나보세요🍜⠀⠀💜 포켓CU 예약 구매 💜⠀📅 예약 기간: 1/21(화) 오전 11시~⠀(*선착순 2,000 BOX)⠀⠀📌 헬로키티 라면 18입 박스 28,800원⠀⠀@아, 나랑 같이 CU에서 헬로키티 라면 예약할래?⠀⠀#헬로키티 #HELLOKITTY⠀#헬로키티라면 #포켓CU⠀#CU #씨유 #당신의_좋은친구_CU수정됨 · 16시간",2025-01-20,"['#헬로키티', '#HELLOKITTY⠀', '#헬로키티라면', '#포켓CU⠀', '#CU', '#씨유', '#당신의_좋은친구_CU수정됨']"
28,cu_official,cu_official인증됨⠀#EVENT보기만 해도 감미로워~ 🎵역대급 듀엣곡 발매 소식을 들고K뮤직 토크쇼 [T-TIME : 그르르갉]을 찾아온최정상 뮤지션 [다이나믹듀오 & 거미]! ✨개코의 개명 비하인드와아무도 모르는 게스트의 비밀은..?!🤷‍♂️??: 비밀인데 어떻게 얘기해요 다듀 & 거미의 노래 중나만의 최애곡을 댓글로 남겨주세요!추첨을 통해 선물을 드립니다🎁 💗 이벤트 기간 : 1/17(금) ~ 1/24(금)💗 당첨자 발표 : 1/31(금)💗 이벤트 경품 : CU모바일상품권 3천원권(10명)본편이 궁금하다면? 지금 바로 씨유튜브에서 6화 풀버전 확인해보세요!#CU #빌보드코리아 #T_TIME_그르르갉 #그르르갉#다이나믹듀오 #다듀 #개코 #최자 #거미 #미연 #MIYEON#아이들 #GIDLE #IDLE #댓글이벤트 #이벤트수정됨 · 3일,2025-01-17,"['#EVENT보기만', '#CU', '#빌보드코리아', '#T_TIME_그르르갉', '#그르르갉', '#다이나믹듀오', '#다듀', '#개코', '#최자', '#거미', '#미연', '#MIYEON', '#아이들', '#GIDLE', '#IDLE', '#댓글이벤트', '#이벤트수정됨']"
29,cu_official,"cu_official인증됨⠀What’s NEW in CU?🔔 따끈따끈한 1월 3주차 신상 소식이 도착했습니다 🔔따끈한 미소장국과 카츠를 함께!든든 따뜻한 따끈정통카츠정식부터🍱이탈리아를 꾹꾹 눌러 담은 ~🇮🇹CUX맛폴리 콜라보 상품까지❣️ @아, 오늘 따끈한 CU 신상 어때? (ノ^∇^)🎁 #EVENT 🎁📢1월 3주차 신상품 중 먹어보고 싶은 상품을 댓글로 남겨주세요!추첨을 통해 선물을 드립니다!✅ CU 공식 인스타그램 팔로우 필수!✅ 기간 : 1/17 (금)~1/24 (금)✅ 당첨자 발표 : 1/30(목) *당첨자 개별 DM 발표✅ 경품 : CU 모바일 상품권 3천원권(10명)#따끈정통카츠정식 #따끈정통숯불치킨정식#맛폴리 #쉬림프리올리오 #피자스팀베이글#트러플머쉬룸누들 #따끈떡볶이맛참치김밥#따끈떡볶이맛참치마요 #따끈통모짜비프버거 #급식대가햄가득부대찌개 #명륜진사갈비만두 #405초코마시멜로우쿠키 #바로먹는고구마 #오늘단백바카라멜 #오늘단백바피스타치오수정됨 · 3일",2025-01-17,"['#EVENT', '#따끈정통카츠정식', '#따끈정통숯불치킨정식', '#맛폴리', '#쉬림프리올리오', '#피자스팀베이글', '#트러플머쉬룸누들', '#따끈떡볶이맛참치김밥', '#따끈떡볶이맛참치마요', '#따끈통모짜비프버거', '#급식대가햄가득부대찌개', '#명륜진사갈비만두', '#405초코마시멜로우쿠키', '#바로먹는고구마', '#오늘단백바카라멜', '#오늘단백바피스타치오수정됨']"
30,cu_official,cu_official인증됨⁦⁦⠀#EVENT씰룩! 씰룩!CU를 찾아온 사랑스런 물범 친구들과함께하는 포켓CU 스탬프 이벤트!!아직도 참여 안 한 사람이있다고!? ٩(๑•̀o•́๑)و씰룩Pick! 겨울 간식을 구매하고응모만 하면 추첨을 통해귀여운 씰룩 굿즈를 주는데 이걸 안 할 거야!!🔥😜아직 참여 못한(?) 너를위해특별히 한번 더 소개해줄게⸜(♡＇ᗜ＇♡)⸝🤍 씰룩X 포켓CU 스탬프이벤트🤍📌이벤트기간1/2(목) ~ 1/31(금)📌 참여방법STEP 1. CU 매장 방문 후 행사 상품 구매&멤버십적립STEP 2. 스탬프 적립 확인STEP 3. 포켓CU 이벤트 페이지 응모 버튼 클릭(TIP: 10번까지 중복 응모 가능!)📌 경품안내- 씰룩 벚꽃냥범 마그넷 키링(30명)- 뚱범 인형(30명)- 아기범 인형(30명)🤍 친구 태그 댓글 이벤트🤍같이 스탬프 이벤트 참여 할 친구를 태그해주세요!추첨을 통해 선물을 드려요🎁📌  CU 인스타그램(@cu_official)과씰룩 인스타그램(@sealook.daily) 팔로우 필수!📌 이벤트기간1/17(금) ~ 1/23 (목)📌 당첨자 발표1/31(금)*당첨자 개별 DM 발표📌 경품CU모바일 상품권 5천원권(10명)아직 이벤트에 참여하지 않은 친구가 있다면@@ 당장태그GOGO ⸜(♡＇ᗜ＇♡)⸝#씰룩 #sealook #겨울간식 #CUX씰룩#CU1월행사 #스탬프이벤트 #댓글이벤트#CU #씨유 #당신의_좋은친구_CU3일,2025-01-17,"['#EVENT씰룩!', '#씰룩', '#sealook', '#겨울간식', '#CUX씰룩', '#CU1월행사', '#스탬프이벤트', '#댓글이벤트', '#CU', '#씨유', '#당신의_좋은친구_CU3일']"
31,cu_official,"cu_official인증됨⠀✨ NEW YEAR with CU WHISKEY ✨입문용 위스키 TOP! <발베니 12년산>은 물론9,900원 갓성비 위스키까지!오직 CU에서만💕 인기/가성비 위스키 7종 특가 할인 💕🥃발베니12년더블우드700 / 99,800원🥃 조니워커그린 700ml / 69,900원🥃 버팔로트레이스 750ml / 39,800원🥃 조니워커블론드 700ml / 29,900원🥃 조니워커블론드 500ml / 24,900원🥃 클레이모어블렌디드700ml / 9,900원🥃 탈린스만700ml / 9,900원📍 행사 일정 📍 1/17(금)~1/31(금)품절되기 전에 CU로 달려가야겠다! ⁽⁽٩(๑˃ᗨ˂)۶⁾⁾* 상시 운영 상품으로, 점포에 재고가 없을 경우점포 근무자를 통한 현장 주문이 가능합니다!※ 지나친 음주는 뇌졸중, 기억력 손상이나 치매를 유발합니다.※ 임신 중 음주는 기형아 출생 위험을 높입니다.#위스키 #발베니더블우드 #조니워커 #CU1월행사 #위스키할인 #할인행사#CU #씨유 #당신의_좋은친구_CU수정됨 · 3일",2025-01-17,"['#위스키', '#발베니더블우드', '#조니워커', '#CU1월행사', '#위스키할인', '#할인행사', '#CU', '#씨유', '#당신의_좋은친구_CU수정됨']"
32,cu_official,"cu_official인증됨⠀#EVENTBGF리테일과 함께하는🍀ESG 실천 이야기🍀더 나은 세상을 만들어가는BGF리테일의 ESG 활동을 위해여러분의 목소리를 들려주세요!👂 ✨📢 현재 BGF리테일은 이렇게 실천하고 있어요온실가스 배출💨을 줄이고,환경을 생각하는 포장재🧃를 활용하며,길 잃은 아이들을 안전하게 보호👪하고,건강하고 바른 먹거리🍱를 제공한답니다!지구와 환경을 위해앞으로도 더 나은 변화를 만들어갈 수 있도록여러분의 소중한 의견을설문조사에 담아주세요!참여해 주신 분들 중 추첨을 통해☕ get핫아메리카노L ☕ 를선물로 드립니다!📌설문 이벤트 기간 1/17(금) ~ 1/24(금)📌참여 방법 :① 프로필 링크에서 ‘BGF리테일 ESG경영 설문조사’ 클릭② 네이버폼 설문조사 참여 후 연락처 기재하면 완료✨📌당첨자 발표 당첨자 발표 : 2월 초(당첨자분들께 개별 송부 예정)📌경품get핫아메리카노L 기프티콘 (150명)환경을 위한 작은 실천, 지구와 사회의 좋은 친구🍀BGF리테일🍀과 함께해요!⠀※ 자세한내용은 프로필 링크에서 확인하세요#BGF리테일 #ESG #지속가능경영 #설문조사 #이벤트#CU #씨유 #당신의_좋은친구_CU수정됨 · 4일",2025-01-17,"['#EVENTBGF리테일과', '#BGF리테일', '#ESG', '#지속가능경영', '#설문조사', '#이벤트', '#CU', '#씨유', '#당신의_좋은친구_CU수정됨']"
33,cu_official,"cu_official인증됨🇮🇹CU X 맛폴리🇮🇹어서 오세요! 레스토ㄹ.. CU입니다 (ღゝ◡╹)ゝ간편식계의 강자 ✨맛폴리 면 요리 2종 출시!향긋한 올리브유 속 새우, 마늘에푹 ~ 빠져볼 시간 🍤#맛폴리쉬림프알리오올리오그냥 먹어도 맛있는 크림 우동에⠀트러플오일과 양송이가 듬뿍 🍄#맛폴리트러플머쉬룸누들🎁 #EVENT 🎁맛폴리 누들&파스타 신메뉴를함께 즐기고 싶은 친구를 태그해주세요!추첨을 통해 선물을 드려요@야, 이거 맛있을 것 같지 않아!?📌 CU 인스타그램 팔로우는 필수!📌 기간 : 1/16(목) ~ 1/23(목)📌 당첨자 발표 : 1/31(금) *당첨자 개별 DM 발표📌 경품 : CU모바일상품권 3천원권 (10명)#맛폴리 #쉬림프알리오올리오 #홈스토랑#편의점신상 #편의점추천 #CU신상#댓글이벤트 #이벤트 #CU #씨유 #당신의_좋은친구_CU수정됨 · 5일",2025-01-16,"['#맛폴리쉬림프알리오올리오그냥', '#맛폴리트러플머쉬룸누들🎁', '#EVENT', '#맛폴리', '#쉬림프알리오올리오', '#홈스토랑', '#편의점신상', '#편의점추천', '#CU신상', '#댓글이벤트', '#이벤트', '#CU', '#씨유', '#당신의_좋은친구_CU수정됨']"
34,cu_official,"cu_official인증됨⠀🇮🇹CU X 맛폴리🇮🇹⠀맛없없 조합의 신흥 강자 ✨⠀맛폴리 디아볼라피자 스팀베이글 출시!⠀🔥 불닭 소스, 페퍼로니, 치즈의 조합?⠀ 이건 무조건 맛도리지 ദ്ദി ˉ͈̀꒳ˉ͈́ )✧⠀🎁 #EVENT 🎁⠀지금 피자 좋아하는 친구 태그하고⠀맛폴리 디아볼라피자 스팀베이글 출시 소식을 알려주세요!⠀추첨을 통해 선물을 드려요!⠀✔CU 인스타그램 팔로우는 필수!✔기간 : 1/15(수) ~ 1/22(수)✔당첨자 발표 : 1/31(금) *당첨자 개별 DM 발표✔경품 : CU모바일상품권 3천원권 (10명)⠀@__아, 디아볼라~ 피자 먹어볼라~? >_<⠀#맛폴리 #디아볼라피자 #불닭⠀#편의점신상 #편의점추천 #CU신상⠀#CU #씨유 #당신의_좋은친구_CU수정됨 · 5일",2025-01-15,"['#EVENT', '#맛폴리', '#디아볼라피자', '#불닭⠀', '#편의점신상', '#편의점추천', '#CU신상⠀', '#CU', '#씨유', '#당신의_좋은친구_CU수정됨']"
35,cu_official,cu_official인증됨⠀#EVENT동갑내기 친구가 된 우정잉과 윤수빈 아나운서그리고.. 성덕이 된 맛폴리(feat.김태균 선수)이 모든 것이 가능한 진실의 의자 #그르르갉 🪑🪑그르르갉 모아보기 2편 댓글 EVENT본인이 생각하는 두 만남의 킬포! 구간을 댓글에 남겨주세요!추첨을 통해 선물을 드립니다🎁⠀📌 이벤트 기간 : 1/15(수) ~ 1/22(수)📌 당첨자 발표 : 1/31(금)＊ 당첨자 개별 DM 발표📌 이벤트 경품 : CU모바일 상품권 5천원권(10명)⠀#우정잉 #윤수빈 #동갑 #동갑내기 #찐친 #짱친⠀#김태균 #김태균선수 #맛폴리 #권성준셰프⠀#그르르갉 #그르르갉_깊대 #CU그르르갉 #깊대 #진실의의자 ⠀#CU #씨유 #씨유튜브 #이벤트 #댓글이벤트수정됨 · 5일,2025-01-15,"['#EVENT동갑내기', '#그르르갉', '#우정잉', '#윤수빈', '#동갑', '#동갑내기', '#찐친', '#짱친⠀', '#김태균', '#김태균선수', '#맛폴리', '#권성준셰프⠀', '#그르르갉', '#그르르갉_깊대', '#CU그르르갉', '#깊대', '#진실의의자', '#CU', '#씨유', '#씨유튜브', '#이벤트', '#댓글이벤트수정됨']"
36,cu_official,cu_official인증됨⠀#EVENT딩동~♬CU덕후가 신상 리뷰를 공유합니다👀✨찐 CU덕후가 공유한 생생한 리뷰 확인해볼까요✨퐁실퐁실한 베이글과꾸덕한 치즈가 만났다스팀베이글 2종! 🧀퇴근 후 이만한 안주가 없지빠삭한 먹태부터 촉촉한 먹태까지취향저격 먹태구이 2종🌙빨-빨-빨간맛 궁금해 레드벨벳!깨물면 점점 꾸덕한 크림치즈 맛의연세우유 레드벨벳 생크림빵!크랩맛살 한입으로 입안 풍미 가득해지는명작 크랩맛살 유부초밥 🦀이 세상 쫀득함은 잊어라! 상상한 그 이상의 쫀득함HEYROO 쫀득편육 득템!✨가장 취향 저격인 신상을 골라주세요!추첨을 통해 선물을 드립니다~🎉✔CU 인스타그램 팔로우는 필수!✔기간 : 1/15(수) ~ 1/22(수)✔당첨자 발표 : 1/31(금) 당첨자 개별 DM 발표✔경품 : CU모바일상품권 3천원권 (10명)#맥앤치즈스팀베이글 #햄치즈스팀베이글#빠삭먹태구이 #촉촉먹태구이#연세우유레드벨벳생크림빵#명작크랩맛살유부초밥 #쫀득편육#편의점디저트 #취향저격 #CU리뷰꿀팁 #CU덕후 #편의점신상 #CU신상 #CU #씨유 #당신의_좋은친구_CU수정됨 · 2시간,2025-01-21,"['#EVENT딩동~♬CU덕후가', '#맥앤치즈스팀베이글', '#햄치즈스팀베이글', '#빠삭먹태구이', '#촉촉먹태구이', '#연세우유레드벨벳생크림빵', '#명작크랩맛살유부초밥', '#쫀득편육', '#편의점디저트', '#취향저격', '#CU리뷰꿀팁', '#CU덕후', '#편의점신상', '#CU신상', '#CU', '#씨유', '#당신의_좋은친구_CU수정됨']"
37,cu_official,"cu_official인증됨⠀CU에 도적 출몰?! (๑•́o•̀๑)⠀그냥 도적이 아니라 밥.도.적!⠀⠀우리의 입맛을 훔칠 던파 모바일 밥도적 콜라보💥⠀⠀🍱 매콤 한돈 김치제육 정식⠀🍙 국대 한돈김치제육 삼각김밥⠀🍙 명란 청양마요 삼각김밥⠀⠀🎁 밥도적 간편식 포켓CU 스탬프 #EVENT 🎁⠀⠀📌 이벤트 기간⠀~ 1/ 31(금)⠀⠀📌 참여방법 ⠀1.  밥도적 콜라보 상품 구매 시, 포켓CU 적립/결제 ⠀2.  대상상품 1개당 스탬프 1개 생성 ⠀3. 포켓CU 이벤트 페이지 내 참여하기 클릭시 참여 완료⠀※ 스탬프 1개 적립 시 1회 응모 가능⠀※ 1인당 최대 10회 응모 가능⠀⠀📌당첨자 발표⠀2/7(금)⠀⠀📌경품 안내⠀*참여 횟수에 따라 당첨 확률 UP⠀- 아이패드 프로 11 (3명)⠀- 애플워치 10 (5명)⠀- 에어팟 프로 (10명)⠀- 던파모바일 캐릭터 굿즈 (45명)⠀- CU 모바일 상품권 1만원 (50명)⠀⠀🎁 스크래치 쿠폰 #EVENT 🎁⠀⠀포장지의 스크래치를 긁어 쿠폰을 확인하고⠀쿠폰 번호를 입력해보세요!⠀⠀✔️인게임 아이템 100% 지급!⠀*ID당 5회 사용 가능⠀⠀🙎‍♀️점원 조끼 아바타 (도적 캐릭터 전용/ 분해 가능)⠀🍙삼각김밥 20개 (사용시, HP, MP, 30% 회복)⠀🎖️기념메달 1개(판매 시 100만 골드)⠀※ 자세한 내용은 포켓CU 이벤트 페이지에서 확인하세요!⠀⠀#던전앤파이터모바일이벤트 #던전앤파이터모바일⠀#매콤한돈김치제육도시락 #국대한돈김치제육주먹밥⠀#명란청양마요삼각김밥 #이벤트 #CU1월행사 #씨유1월행사⠀#CU신상 #CU #씨유 #당신의_좋은친구_CU⠀6일",2025-01-14,"['#EVENT', '#EVENT', '#던전앤파이터모바일이벤트', '#던전앤파이터모바일⠀', '#매콤한돈김치제육도시락', '#국대한돈김치제육주먹밥⠀', '#명란청양마요삼각김밥', '#이벤트', '#CU1월행사', '#씨유1월행사⠀', '#CU신상', '#CU', '#씨유', '#당신의_좋은친구_CU⠀6일']"
38,cu_official,cu_official인증됨⠀⠀⠀⠀#EVENT어떤 질문에도 막힘 없이!급식대가에 대한 궁금증시원하게 풀어드려요😉급식대가는 손이 계량기다⁉️실패한 메뉴가 없다⁉️대가다운 이유 있는 자신감✨가득모자의 티키타카 모먼트 가득급식대가 무물편이 궁금하다면지금 바로 <쓔요일에 만나>에서 확인해봐 👀‘쓔요일에 만나’ 퀴즈 #이벤트🎁영상 속 무물 중 ‘급식에 나오는 음식 중 편의점 음식으로 똑같이 만들어낼 수 있는 음식’으로급식대가가 꼽은 음식은 무엇일까요? 정답을 댓글로 남기면 추첨을 통해 선물을 드려요!🎁💜HINT1. ㅇㄱㅈ💜HINT2. 학창시절 급식 시간 맛나게 먹던 국!📌 이벤트 기간1/14(화) ~ 1/21(화)📌 이벤트 발표1/24(금)*당첨자 개별DM발표📌 이벤트 경품CU모바일상품권 3천원권(10명)#쓔요일에만나 #쓔요일 #급식대가 #이미영 #급식대가콜라보 #쿠킹 #무물 #댓글이벤트 #CU #씨유 #당신의_좋은친구_CU6일,2025-01-14,"['#EVENT어떤', '#이벤트🎁영상', '#쓔요일에만나', '#쓔요일', '#급식대가', '#이미영', '#급식대가콜라보', '#쿠킹', '#무물', '#댓글이벤트', '#CU', '#씨유', '#당신의_좋은친구_CU6일']"
39,cu_official,"cu_official인증됨⠀⠀⠀⠀⠀⠀⠀⠀⠀⠀⠀⠀1포에 레몬 1개가 통째로💥⠀⠀스페인의 청정 자연에서 자란 ⠀유기농 레몬이 100% 쏘옥~들어가🍋🍋⠀⠀식전 혈당관리로 건강하게,⠀간편한 스틱으로 간편하게 즐겨봐💛⠀⠀뉴트)비비랩유기농레몬즙 1,500원⠀⠀지금 CU에서 만나보세요!!⠀⠀@아, 오늘부터 같이 혈당관리ㄱㄱ- ~(˘▾˘)~⠀⠀#비비랩유기농레몬즙 #레몬즙 #혈당관리⠀#CU신상 #CU #씨유 #당신의_좋은친구_CU수정됨 · 6일",2025-01-14,"['#비비랩유기농레몬즙', '#레몬즙', '#혈당관리⠀', '#CU신상', '#CU', '#씨유', '#당신의_좋은친구_CU수정됨']"
40,7elevenkorea,"7elevenkorea인증됨#세븐신상더 건강하게 디저트 즐기실 분?!⋆⁺당은 Down↓ 맛은 Up↑⋆⁺건강한데 맛있기까지!말해뭐행~말해뭐행~⠀당을 낮춰 더욱 부담없고 건강하게 즐길 수 있는세븐일레븐 X 디저트39 콜라보가 찾아왔습니다!⠀부드러워서 입에서 녹는 크림롤은 물론종류별로 골라먹는 우유 그리고 입맛저격 모나카까지!세븐일레븐에서 만나보세요 💙⠀디저트39 저당초코크림롤🏷️3,900원디저트39 저당딸기크림롤🏷️3,900원 (*1/22 출시 예정)디저트39 초코/커피/딸기/바나나우유 500ml🏷️2,200원(2+1 행사 진행중, 1/15~1/31)디저트39 저당팥모나카,저당슈크림모나카🏷️정상가 3,000원→할인가 2,000원 (1/8~1/31)⠀#세븐일레븐 #디저트396일",2025-01-14,"['#세븐신상더', '#세븐일레븐', '#디저트396일']"
41,7elevenkorea,"7elevenkorea인증됨#EVENT(빠) 동절기 인기 상품, 딸기샌드 2탄 출시 (밤)※ 당.도.최.고 ※ 산지직송 설향 딸기가 가득!✨⠀겨울엔 뭐다? 딸기다~🍓초코딸기샌드다~🤍부드럽고 진한 초코크림 속 다크초콜릿이 콕콕!믿고먹는 초코딸기샌드 즐기러 함께 가보아요 ~o(*≧▽≦)ツ~⠀🎁딸기러버들은 댓글에 딸기🍓이모티콘을 남겨주세요!추첨을 통해 세븐일레븐 모바일 상품권을 드립니다.(@7elevenkorea 팔로우 필수!)⠀☑️일정: 1/21(화)~1/30(목)☑️경품: 세븐일레븐 모바일 상품권 5,000원권(10명)☑️당첨발표: 2/6(목)⠀초코딸기샌드🏷️3,800원⠀#세븐일레븐 #초코딸기샌드수정됨 · 4시간",2025-01-20,"['#EVENT(빠)', '#세븐일레븐', '#초코딸기샌드수정됨']"
42,7elevenkorea,"7elevenkorea인증됨#EVENT🧡세븐일레븐과 해삐 설날❛‿˂̵✧💚세븐일레븐에서 준비한 풍성한 설날 선물!⏰택배 주문상품 마감임박⏰내.일.까.지!서둘러 주문하세요~⠀🎁세븐일레븐 상단 프로필 URL 설날 카탈로그 확인 후받고 싶은 설날 선물 상품명을 남겨주세요!추첨을 통해 세븐일레븐 모바일 상품권을 드립니다.(@7elevenkorea 팔로우 필수!)⠀☑️일정: 1/20(월)~1/30(목)☑️경품: 세븐일레븐 모바일 상품권 5,000원권(10명)☑️당첨발표: 2/5(수)⠀모두모두 설설세하세요~ 설레는 설날 세븐일레븐과 🎊⠀#세븐일레븐 #설날이벤트21시간",2025-01-20,"['#EVENT🧡세븐일레븐과', '#세븐일레븐', '#설날이벤트21시간']"
43,7elevenkorea,"7elevenkorea인증됨#세븐신상✨세븐단독✨베트남에서 보던 망고를 세븐일레븐에서 볼 수 있다? 없다? 있다!!⠀애플망고의 단맛과 찐~한 맛을 그대로!✩゜*⸜(ू ◜࿁◝ )쫀득쫀득한 식감까지 더해져 먹고 먹고 x1000계속 먹고픈 체리쉬망고젤리 먹으러세븐일레븐으로 가볼망고?! 💛⠀체리쉬망고젤리🏷️1,800원⠀#세븐일레븐 #체리쉬망고젤리1일",2025-01-20,"['#세븐신상✨세븐단독✨베트남에서', '#세븐일레븐', '#체리쉬망고젤리1일']"
44,7elevenkorea,"7elevenkorea인증됨#세븐신상🛒1월 넷째 주 신상Pick🛒⠀먹고 또 먹고픈 상품들로 라인업된 1월 넷째 주 신상!또 생각나는 디저트부터 김밥까지👍세븐일레븐에서 만나보세요!⠀★。-—따끈한 신상 라인업 —。★초코딸기샌드🏷️3,800원안유성명장마늘갈비정식🏷️6,900원기본김밥🏷️2,600원디저트39 저당딸기크림롤🏷️3,900원세븐셀렉트 직화불막창🏷️9,500원⠀#세븐일레븐 #신상pick1일",2025-01-20,"['#세븐신상🛒1월', '#세븐일레븐', '#신상pick1일']"
45,7elevenkorea,"7elevenkorea인증됨#세븐신상세븐일레븐이 준비한 혜택과 함께행복하고 풍성한 설날 맞이하세요💚⠀✅설 선물세트 상품 60종 10% 할인하나카드, 카카오페이머니 결제시 10% 할인양주/와인 최대 20% 할인⠀✅세븐일레븐 제휴혜택T멤버십 할인적립우주패스life 할인 1천원당 300원L.POINT 100% 결제⠀이 모~든 혜택을 다가오는 설날과 함께 누려보세요!여러분의 행복한 설날, 세븐일레븐이 함께 합니다.⠀🛒더 많은 상품과 자세한 혜택 내용은프로필 내 설 카탈로그 URL에서 확인하세요!⠀#세븐일레븐 #설날혜택3일",2025-01-17,"['#세븐신상세븐일레븐이', '#세븐일레븐', '#설날혜택3일']"
46,7elevenkorea,"7elevenkorea인증됨#세븐신상이번 신상 정말 징하다..어메이징..💜⠀쫀득하고 바삭한 식감이 더해져 더욱 맛있는쫀득마시멜로우바가 곧 여러분 곁을 찾아옵니다!⠀쫜쫜한 마시멜로우와 오레오 과자가 박혀있는 마시멜로우바쪼온~득 마시멜로우와 후르츠링을 더한 후루츠딸기바⠀세븐일레븐에서 만나보실 수 있습니다.2월 커밍쑤운!!! ❤*.(๓´͈ ˘ `͈๓).*❤⠀쫀득마시멜로우바🏷️3,000원쫀득마시멜로우후르츠딸기바🏷️3,000원⠀#세븐일레븐 #마시멜로우바3일",2025-01-17,"['#세븐신상이번', '#세븐일레븐', '#마시멜로우바3일']"
47,7elevenkorea,"7elevenkorea인증됨#세븐신상💛일본 BEST 초콜릿 LOOK 초콜릿 발렌타인💛발렌타인 기간 한정 상품 단독 출시٩(｡•ㅅ•｡) 빠밤!⠀딸기, 바나나, 블루베리, 파인애플 크림이랜덤으로 들어있어 골라먹는 재미가 쏠쏠~⠀발렌타인데이 시즌 한정 상품이니이 기회 놓치지 말고 사랑하는 사람에게마음을 전해보세요 💓⠀LOOK 초콜릿 발렌타인🏷️2,900원⠀#세븐일레븐 #LOOK초콜릿발렌타인3일",2025-01-17,"['#세븐신상💛일본', '#세븐일레븐', '#LOOK초콜릿발렌타인3일']"
48,7elevenkorea,kbl_official인증됨포카깡.. 제 원픽은요.. 저예요저 많이 뽑아주세요ㅎㅎ1월 16일(목)부터 출시된 2024-2025 KBL 오피셜 컬렉션 카드전국 세븐일레븐 매장과 KBL 스토어에서 만날 수 있으니 많은 관심 부탁드립니다🎉😊#KBL #프로농구 #농구선수카드 #KBL스토어 #세븐일레븐 #서울SK #오재현3일,2025-01-17,"['#KBL', '#프로농구', '#농구선수카드', '#KBL스토어', '#세븐일레븐', '#서울SK', '#오재현3일']"
49,7elevenkorea,"7elevenkorea인증됨#세븐신상얼죽아인 사람 손들엇!!! 🙋‍♀️🧊⠀바쁘고 바쁜 현대사회에 필수리카노 착한아메리카노블랙800원이라는 가격에 놀라고 맛에 또 한 번 놀라고!😮⠀공부하다가, 업무하다가, 과제하다가착한아메리카노블랙과 함께 한 템포 쉬어가세요!우수한 바디감과 깊은 커피향을 경험하실 수 있습니다 🤎⠀착한아메리카노블랙🏷️800원💚구매 시 얼음컵(레귤러)증정 (~1/22)⠀#세븐일레븐 #착한아메리카노블랙수정됨 · 3일",2025-01-17,"['#세븐신상얼죽아인', '#세븐일레븐', '#착한아메리카노블랙수정됨']"
50,7elevenkorea,7elevenkorea인증됨#세븐신상추가에 추가에 추가를 더하면 ++💚행복도 추가💚오늘 퇴근 후 안주는 너로 정했다!!⠀🎈전자레인지에 데워 먹으면 200% 더 맛있는땅콩버터오징어 2+1행사⠀🍷여운이 오래 남는 앙리마티스 앨런스콧쇼비뇽 구매 시고소한 치즈 풍미 가득한 앙리마티스 치즈육포 증정⠀세븐일레븐만의 안주 추가 행사를 놓치지 마세요!행사기간은? 1월 16일(목)~1월 31일(금)⠀#세븐일레븐 #안주추가4일,2025-01-16,"['#세븐신상추가에', '#세븐일레븐', '#안주추가4일']"
51,7elevenkorea,"7elevenkorea인증됨#세븐신상농덕들의 가슴을 웅장하게 만들  KBL카드가 업그레이드되어 돌아왔다💫💫노멀/홀로/포토제닉/컬러제틱 4종 구성에1팩당 5장! 랜덤 친필사인카드는 무려 79종~?! 두근두근~ 어떤 선수를 뽑을지짜릿⚡한 기분 느낄 준비됐다면?오직 세븐일레븐에서 최애 구단 & 선수를 만나보자~😚🧡 🏷️SCC 2024-2025 KBL 오피셜 컬렉션 카드1팩(5장) 2,000원 / 1상자(20팩) 40,000원※2024.12.03 KBL 등록 선수 기준 구성 #이벤트뽑고싶은 KBL 구단 or 선수를 댓글로 남겨주세요!추첨을 통해 아래의 상품을 드립니다.(@7elevenkorea 팔로우 필수!) ☑️일정 : 1/16(목)~1/22(수)☑️경품 : 컬러볼 / 2명 (색상 랜덤)올스타전 인기선수 폴라로이드 with 친필사인 / 10명 (선수 랜덤)☑️당첨발표 : 1/24(금) 🔔세븐일레븐 APP ‘우리동네 상품찾기’를 통해상품 재고를 확인해보세요(۶•̀ᴗ•́)۶4일",2025-01-16,"['#세븐신상농덕들의', '#이벤트뽑고싶은']"
52,7elevenkorea,"7elevenkorea인증됨#세븐신상설탕 저리 비켜~~!🫸당Down으로 즐길 디저트 등장🦸‍♂️근본인 팥이냐 VS 부드러운 슈크림이냐극강의 선택지 디저트 모나카와당류 2g 미만의 쫀~쫀~한 크림롤까지!여기에 우유 한 잔 쪼옥 들이키면?세상 부럽지 않다구~❤️🎁#이벤트디저트39 콜라보 3종 상품 중 가장 맛보고 싶은상품을 골라 댓글로 남겨주세요!추첨을 통해 모바일 상품권을 드려요✨(@7elevenkorea 팔로우 필수!)☑️일정 : 1/16(목)~1/22(수)☑️경품 : 세븐일레븐 모바일 상품권 10,000원 / 100명☑️당첨발표 : 1/24(금)——----(●⌒∇⌒●) 3종 라인업 —-—---디저트39 저당팥모나카,저당슈크림모나카🏷️정상가 3,000원→할인가 2,000원 (~1/31)디저트39 저당초코크림롤🏷️3,900원 디저트39 저당딸기크림롤🏷️3,900원 - (*1/22 출시 예정)디저트39 초코/커피/딸기/바나나우유🏷️2,200원 (* 2+1행사 (1/15~1/31))5일",2025-01-15,"['#세븐신상설탕', '#이벤트디저트39']"
53,7elevenkorea,"7elevenkorea인증됨#세븐어클락⏰수요일 7시에 찾아오는 7’O Clock 이벤트⏰⠀두근두근🧡콩닥콩닥💚 농덕들 심쿵하게 만드는 소식노멀/홀로/포토제닉/컬러제틱 4종 구성에랜덤 친필사인카드까지-!내가 뽑은 카드는 과연 어떤 카드일까 >_<? 🏀⠀🎁KBL 카드에 대한 기대평을 남겨주세요.댓글을 남겨주신 분들께 추첨을 통해 세븐일레븐 모바일 상품권을 드립니다. (@7elevenkorea 팔로우 필수!)⠀☑️일정: 1/15(수)~1/21(화)☑️경품: 세븐일레븐 모바일 상품권 5,000원권(10명)☑️당첨발표: 1/23(목)⠀SCC 2024-2025 KBL 오피셜 컬렉션 카드 (*1/16 출시 예정)🏷️1팩(5장) 2,000원 / 1상자(20팩) 40,000원※2024.12.03 KBL 등록 선수 기준 구성⠀#세븐일레븐 #KBL카드5일",2025-01-15,"['#세븐어클락⏰수요일', '#세븐일레븐', '#KBL카드5일']"
54,7elevenkorea,"7elevenkorea인증됨#세븐신상🔎 크붕이 그만 사랑하는 법: “검색 결과 없음”⠀신선한 파스퇴르 우유크림을 듬뿍!🤍카라멜라이징으로 달콤함은 덤 💯⠀찬바람 쌩쌩💨 부는 오늘 같은 날,세븐일레븐 크로와상붕어빵으로따뜻한 겨울 보내지 않을래요?⠀크로와상붕어빵 우유크림🏷️2,800원※ 서울/인천/경기/강원 지역 한정 운영⠀#세븐일레븐 #크로와상붕어빵우유크림5일",2025-01-15,"['#세븐신상🔎', '#세븐일레븐', '#크로와상붕어빵우유크림5일']"
55,7elevenkorea,"7elevenkorea인증됨#EVENT✧저당인데 건강하당 맛있당 또 먹고싶당✧⠀우리에게 무엇보다 가장 중요한 것은?첫째도 건강! 둘째도 건강! 셋째도 건강!저당인데 맛있게 즐길 수 있는 디저트39콜라보를 소개합니다!⠀담함량을 저감한 디저트39 우유 4종저당으로 부담 없이 달콤하게 즐길 수 있는 크림롤 2종까지⠀🎁디저트39와 세븐일레븐의 콜라보가 기대된다면댓글에 ‘디저트39 콜라보’를 외쳐주세요!추첨을 통해 세븐일레븐 모바일 상품권을 드립니다.(@7elevenkorea 팔로우 필수!)⠀☑️일정: 1/15(수)~1/21(화)☑️경품: 세븐일레븐 모바일 상품권 5,000원권(10명)☑️당첨발표: 1/23(목)⠀디저트39 저당초코크림롤🏷️3,900원디저트39 저당딸기크림롤🏷️3,900원 (*1/22 출시 예정)디저트39 초코/커피/딸기/바나나우유 500ml🏷️2,200원(2+1 행사 진행중, 1/15~1/31)⠀#세븐일레븐 #디저트396일",2025-01-15,"['#EVENT✧저당인데', '#세븐일레븐', '#디저트396일']"
56,7elevenkorea,"7elevenkorea인증됨#세븐신상2025 설날에는 이것만은 꼭…🧡혜택 가득한 세븐일레븐에서 설날 맞이 GO! GO!⠀베스트상품 20종으로 소중한 사람들에게설레는 선물과 함께 고마움을 전하세요!세븐일레븐과 함께 넉넉하고 따스한 설날되세요🙏⠀✅하나카드/카카오페이머니 현장 결제 시10% 할인 혜택이 가득가득!(*1회 결제당 10만원 한도)(카드행사기간: 1월 4일~2월 4일)⠀※개인 신용/ 체크카드 할인적용 (법인, 선불, 기프트, 하나BC기반카드, 간편결제 등록건 제외)※카카오페이머니 결제 시 10% 현장할인 (이외 타 신용카드, 제로페이/삼성페이 등 결제수단 불가)⠀🛒더 많은 상품과 자세한 혜택은 세븐일레븐 프로필설 카탈로그 링크를 확인하세요!⠀#세븐일레븐 #설날6일",2025-01-14,"['#세븐신상2025', '#세븐일레븐', '#설날6일']"
57,7elevenkorea,"7elevenkorea인증됨#EVENT🏀두근두근 설레는 내 맘..들리니..? (⸝⸝⍢⸝⸝) ෆ🏀농덕들 마음을 요동치게 만드는 KBL 농구카드!⠀내가 뽑은 카드는 어떤 카드일지랜덤이라 더욱 설레고 궁금한 KBL 농구카드랜덤 친필사인카드까지 확인할 수 있으니1월 16일 세븐일레븐으로 달려가세요!⠀🎁KBL 카드가 기대된다면 댓글에 🏀농구공 이모티콘을 남겨주세요!추첨을 통해 세븐일레븐 모바일 상품권을 드립니다.(@7elevenkorea 팔로우 필수!)⠀☑️일정: 1/14(화)~1/20(월)☑️경품: 세븐일레븐 모바일 상품권 5,000원권(10명)☑️당첨발표: 1/22(수)⠀SCC 2024-2025 KBL 오피셜 컬렉션 카드 (*1/16 출시 예정)🏷️1팩(5장) 2,000원 / 1상자(20팩) 40,000원※2024.12.03 KBL 등록 선수 기준 구성⠀#세븐일레븐 #KBL농구카드1주",2025-01-14,"['#EVENT🏀두근두근', '#세븐일레븐', '#KBL농구카드1주']"
58,7elevenkorea,"7elevenkorea인증됨#세븐신상행복한 고민 시~~작! >_< 💛한 그릇 뚝딱! 사라지게 만드는 나의 원픽 반찬은?매콤한 닭갈비 vs 소불고기⠀맛장우 도시락은 고민할 필요 없어요🍴닭다리살로 만든 매콤한 닭갈비와소불고기가 함께 있어 둘 다 즐길 수 있어요-!⠀맛장우도시락 오늘은소불고기닭🏷️6,500원⠀#세븐일레븐 #맛장우도시락1주",2025-01-14,"['#세븐신상행복한', '#세븐일레븐', '#맛장우도시락1주']"
59,7elevenkorea,"7elevenkorea인증됨#세븐신상이것이 찐 생맥주! 생드래프트비어 진짜 후메잌디스 💛🍺⠀효모가 살아있는 생맥주 그대로 캔에 담은신동엽 생드래프트비어, 아직도 안 먹어봤다구요?!그렇다면 이제 여러분이 먹어 볼 차례!⠀오리지널 생드래프트 비어와 함께 주변의 소중한 사람과맛있고 행복한 시간 보내세요 ♪( ‘o’ و(و ♪❗유사품에 주의하세요❗⠀생드래프트비어500ml캔🏷️5,000원⠀📌지나친 음주는 암 발생의 원인이며, 임신 중 음주는태아의 기형이나 유산, 청소년 음주는 성장과 뇌 발달을 저해합니다.⠀#세븐일레븐 #생드래프트비어1주",2025-01-13,"['#세븐신상이것이', '#세븐일레븐', '#생드래프트비어1주']"
60,emart24_official,"emart24_official인증됨3...2...1!🚀해피뉴이어💖올해도 이마트24에서 잘 부탁해!🙋‍♀️🙋‍♂️웰컴 2025!스스륵~ 푸른뱀이 물고 온1억원 상당의 황금 선물 대잔치🐍💰이마트24 전품목 구매 시1억 경품을 2,400명에게 쏜다!🎯💌응모방법1️⃣ 5천원 이상 제품 구매 (*담배/서비스 상품 제외) 2️⃣ 신세계 포인트 적립3️⃣ 개인정보 수집 및 이용 동의📌기간 : 1/1(수) ~ 1/31(금), 발표 2/7(금)💌당첨경품✔골드바 5돈 (10명)✔다이슨 빅+콰이엇 공기청정기 (15명)✔미닉스 더플렌더 음식물처리기 (20명)✔아임이 스마트TV 43형 (100명)✔노브랜드 밥솥 (200명)✔이마트24 1만원권 (400명)✔이마트24 5천원권 (1,655명)* 신세계 포인트 앱에서 확인 가능2주",2025-01-06,[]
61,emart24_official,"emart24_official인증됨3...2...1!🚀해피뉴이어💖올해도 이마트24에서 잘 부탁해!🙋‍♀️🙋‍♂️웰컴 2025!내가 상상했던 그 이상의 맛을이마트24에서 새롭게😲💡무엇을 상상하든 ’상상의끝‘!끝내주는 가성비 신제품 2종 출시🔊(소근.. 소근..) 업계 초저가🍙1900김밥 (1,900원)🍱3600비빔밥 (3,600원)📱#앱이벤트1월 한달 간 상상의끝 신제품 2종이마트24 앱 바코드 스캔 구매 시1천원 앱 할인쿠폰 전원 증정!* 응모하기 버튼 클릭 필수!📌기간 : 1/1(수) ~ 1/31(금)가격은 저렴하지만 퀄리티는 그대로!💞수정됨 · 2주",2025-01-06,['#앱이벤트1월']
62,emart24_official,"emart24_official인증됨3...2...1!🚀해피뉴이어💖올해도 이마트24에서 잘 부탁해!🙋‍♀️🙋‍♂️웰컴 2025!새해에는 건강 절대 못 잃어..🏋️‍♂️💪운동 끊고, 식단 관리 시작했다면 ❓❓브랜드/가격 상관없이프로틴🧃저당🧂다이어트템🥗총 88종 모~두 1+1여기에 5천원 앱 쿠폰까지 득템하는 방법은?👇 💟#행사이마트24 앱 바코드 스캔 후신한/현대카드로 5천원 이상 구매 시5천원 앱 할인쿠폰 증정!✔음료 반값!✔닭가슴살 반값!✔프로틴음료 반값!📌기간 : 1/1(수) ~ 1/15(수)2주",2025-01-05,['#행사이마트24']
63,emart24_official,"emart24_official인증됨#EVENT무엇을 상상하든상상의 끝을 먹었더니상상 그 이상의CJ ONE 포인트가 쏙!여기에 상상의끝 김밥, 비빕밥이랑꿀조합인 라면도 이벤트 대상!🍜라면 전 상품과 상상의끝 2종 상품 구매 시이마트24 APP 바코드 스캔하고 응모하면CJ ONE 포인트 바우처 전원🔥1천원 / 5천원 / 1만원 중 랜덤 증정🔥✔️기간: 1/21 (화) ~ 1/31 (금) 💬#댓글이벤트라면 X 상상의끝 = 맛잘알🍚🔥같이 먹어보고 싶은라면 X 상상의끝 조합을댓글에 남겨주세요!🥢📍기간 : 1/21(화) ~ 1/26(일), 1/31(금) 발표📍경품 : 이마트24 모바일 상품권 3천원권(5명)* 이마트24 인스타그램 팔로우 필수!✨1시간",2025-01-21,"['#EVENT무엇을', '#댓글이벤트라면']"
64,emart24_official,"emart24_official인증됨#EVENT맛잘알이라면 다 안다는남영동 양문과 고씨네 고추장찌개의 대표!고석현 셰프X이마트24의 맛남💛✧···········𝐌𝐄𝐍𝐔·········✧🌶️고씨네고추장찌개정찬 (1/16 NEW)고씨네 고추장찌개의 깊은 맛을 그대로!🍝고씨네고추장크림리조또 (1/16 NEW)고추장찌개가 찐한 크림과 만나 퓨전 리조또로 재탄생!🍔비프버터치즈버거 (1/21 NEW)버터와 비프의 풍미가 어우러진 치즈버거!✧·······························✧출시 기념 #이벤트✨ (1.16~1.31)➊ 1월 한달 간 삼성/하나/우리카드 결제 시30% 할인! (*최대 할인한도 1,600원)➋ 해당 콜라보 상품 구매 시이마트24 앱 통합바코드 스캔 하면양문 소갈비 세트 50명 추첨!※ 당첨자 발표일 : 3/6(목)💬#댓글이벤트고석현 셰프와 함께 만든🍔🍱🥘콜라보 3종 기대평을 댓글로 남기고함께 먹고 싶은 친구를 소환@해주세요!💖📍기간 : 1/21(화) ~ 1/26(일), 1/31(금) 발표📍경품 : 이마트24 모바일 상품권 3천원권(5명)* 이마트24 인스타그램 팔로우 필수!✨2시간",2025-01-21,"['#EVENT맛잘알이라면', '#이벤트✨', '#댓글이벤트고석현']"
65,emart24_official,"emart24_official인증됨#EVENT매월 24일 단 하루!⏰24한 혜택으로 돌아오는 24데이!ㄴ 그런데 말입니다24일에 약속이 있으면, 정신차리면 25일이면..어떡하라고,우뜩하라고,어뜩하라고,어떠콰라고..ಥ_ಥ이런 적 한 번 쯤 있었다면 손!🙋‍♂️⚡이번에는 3일로 통크게 돌아왔다⚡1월 22일부터 24일까지>> 전상품 1만원 이상💳️카카오페이 결제 시 ----> 2,400원 페이백💳️신한쏠페이 결제 시 ----> 2,400P 즉시 적립*술/담배/서비스/노브랜드 제외📲24일 오후 10시이마트24 APP에서 당일 사용 가능한선착순 오늘픽업 2,400원 쿠폰 증정!※주류 제외 전상품 적용 가능 / 최소주문금액 5천원자세한 내용은 점포 내 부착된 행사 포스터에서 확인하세요!💬#댓글이벤트3일로 통 크~게 돌아온 24데이!💛📅새소식을 알려줄 친구를 소환@하고 댓글을 남겨주세요!📍기간 : 1/19(일) ~ 1/24(금), 1/31(금) 발표📍경품 : 이마트24 모바일 상품권 3천원권(5명)* 이마트24 인스타그램 팔로우 필수!✨수정됨 · 1일",2025-01-20,"['#EVENT매월', '#댓글이벤트3일로']"
66,emart24_official,"emart24_official인증됨#EVENT보틀오더에 찾아온크리스탈 와인!? 🥂💖샴페인 기초부터 테이스팅 노하우제조 비하인드 스토리까지!💎장인 정신으로 빚어낸크리스탈 와인 컬렉션들을 직접 마셔보고,귀로는 재미있게 듣고 즐기는🎤크리스탈 와인 컬렉션 샴페인 클래스 디너에 초대합니다💌💟참여방법1. 이마트24 앱 로그인/회원가입2. 보틀오더 내 위레 프레르 에비타숑 브뤼 750ml 구매3. 선착순 20명 클래스 참여지금 바로 이마트24 앱에서 만나요!🏪💛💨💬#댓글이벤트프리미엄 샴페인 전문 수입사크리스탈와인그룹의 샴페인 클래스 오픈 소식을샴페인 러버를 소환@해 알려주세요! 📍기간 : 1/17(금) ~ 1/23(목), 1/24(금) 발표📍경품 : 이마트24 모바일 상품권 3천원권(5명)* 이마트24 인스타그램 팔로우 필수!✨3일",2025-01-17,"['#EVENT보틀오더에', '#댓글이벤트프리미엄']"
67,emart24_official,"emart24_official인증됨#EVENT[겨울 과일 대결]🍊귤 vs 🍓딸기고민하지말고한번에 즐겨😉 (찡긋)부드러운 요거트크림에쏙 빠진 딸기와 귤💗이마트24에서 만나봐💛 💬#댓글이벤트겨울엔 역시 🍊귤 vs 🍓딸기더 좋아하는 맛의 이모지를 댓글에 남기고과일 러버 친구를 소환@해 소식을 알려주세요!📍기간 : 1/17(금) ~ 1/22(수), 1/24(금) 발표📍경품 : 이마트24 모바일 상품권 3천원권(5명)* 이마트24 인스타그램 팔로우 필수!✨4일",2025-01-17,"['#EVENT[겨울', '#댓글이벤트겨울엔']"
68,emart24_official,"emart24_official인증됨#EVENT""나야, 신상품""줄서는 맛집의 맛을 그대로 재현한 깊은맛🍲글로벌 피트니스와의 콜라보로 건강한 맛🥗제철인 스트로베리 시리즈의 달콤함🍓어느 하나도 빠짐없이 기대되는핫한 신상템들이 떴다!⭐️1월 3주차 신상 리스트⭐️🍱흑백_고씨네 고추장찌개정식 (1/16 NEW)🥘이지쿡)흑백_고추장크림리조또 (1/16 NEW)🍛김치제육덮밥 (1/16 NEW)🍔삼립)한돈포테이토치즈버거 (1/14 NEW)🍙F45_닭가슴살샐러드김밥 (1/14 NEW)🥪팡마니)통밀칠리치킨살샌드위치 (1/14 NEW)🍦롯데)빵빠레바스트로베리/롯데)월드콘딸기/롯데)꼬깔콘스트로베리86g (1/16 NEW)🥯투데이)갈릭버터베이글칩30g/투데이)허니버터베이글칩30g/투데이)코코아베이글칩30g (1/16 NEW)🍬오츠카)소이조이마카다미아&레몬25g/오츠카)소이조이후르츠&베이크드치드30g (1/16 NEW)🍇오리온)마이구미포도제로54g (1/16 NEW)#EVENT 우리 같이 먹고 놀자!이 중에 먹고 싶은 신상품이 있다면 댓글로 알려줘😋추첨을 통해 5명을 선정해 이마트24 상품권을 보내줄게!나랑 같이 먹고 놀 사람빨리 와야 될 걸~?📍이벤트 참여 기간 : 1/17(금) ~ 1/22(수)📍경품 : 이마트24 모바일 상품권 3천원권 (5명)* 이마트24 인스타그램 팔로우 필수!✨📌출시일은 점포 발주일 기준이며 점포에 따라 해당일 오후 또는 익일 오전으로 입고일이 상이합니다.4일",2025-01-17,"['#EVENT""나야', '#EVENT']"
69,emart24_official,"emart24_official인증됨이마트24 앱 #EVENT이번 설 선물.. 어떻게 하지?🤔나는 이마트24 앱에서미리 준비했설~🎁💳️이마트24 앱에서비씨카드로 결제 시최대 20%~1만원 할인!기간: 1월 14일~1월 19일🍷설에도 한잔! 보틀오더🥟맛있는 선물! 식품 5종📷센스 만점! 캐논/소니 4종💪🏻건강이 최고! 건강음료 5종이번 설 선물은 미리 구매하고풍족한 설날 보내세요💛* 자세한 내용은 이마트24 앱을 확인해주세요.💬#댓글이벤트설날 내가 받고 싶은 선물은?🙇이마트24 설선물 중 하나를 고르고🎁친구를 @소환해 댓글을 남겨주세요! 📍기간 : 1/16(목) ~ 1/19(일), 1/20(월) 발표📍경품 : 이마트24 모바일 상품권 3천원권(5명)* 이마트24 인스타그램 팔로우 필수!✨수정됨 · 4일",2025-01-16,"['#EVENT이번', '#댓글이벤트설날']"
70,emart24_official,"emart24_official인증됨<브로큰>처럼 강렬하게 칼로리도 브로큰하자⚡️영화 <브로큰> 콜라보 이벤트 (두둥)제로음료, 프로틴음료, 닭가슴살 등저당/다이어트 상품 구매하고 스탬프 응모하면총 300명 영화 <브로큰> 예매권 쏜다🔫응모 많을 수록 당첨기회는 🆙나랑 칼로리 브로큰하고 영화 브로큰 보러갈 사람?!🙋🏻‍♀️자세한 내용은 이마트 24앱에서 확인하세요💛*당첨자 발표일 : 2/3*ID당 1일 1회 응모 가능합니다.5일",2025-01-16,[]
71,emart24_official,emart24_official인증됨새해에는 천원으로도행福가득! 행운가득!🧧🍀올해 목표 저축💰이라면?2025년에는 가성비 스낵으로입맛도 지갑도 챙길 시간!🕰💌천 원으로 맛보는 행福⭐1월 노브랜드 즐겨찾기⭐✔ 바삭한갈릭새우칩55g✔ 닭다리스낵양념치킨맛50g✔ 바삭한콘칩75g✔ 닭다리스낵청양마요맛50g✔ 야채크래커90g✔ 크림치즈쿠키90g가성비 스낵 6종 즐겨찾기 꾸-욱💖올해는 맛있는거 많이 먹고 행복만 하자📑✨No Brand를 더 가깝게💛다채로운 소비문화를 만드는 노브랜드에서오랜 시간 꾸준히 사랑 받은 상품을지금 이마트24에서 만나보세요!6일,2025-01-15,[]
72,emart24_official,"emart24_official인증됨건강한 간식으로 딱👍🏻구운땅콩 100%로 만든 순수 피넛버터🥜사과에 발라서 한 입🍎구운 아몬드 100%로 만든 아몬드 스프레드🥜식빵에 발라서 한 입🍞가까운 이마트24 점포에서 예약주문하고 100% 피넛버터, 아몬드스프레드를 만나봐!🥜바이퀸)데일리100%피텃버터220g 17,000원🥜바이퀸)데일리100%아몬드스프레드220g 18,000원📌예약주문 : 1/14(화)~1/21(화)📌픽업가능일 : 1/24(금)~1/25(토)* 픽업 일정은 점포마다 상이합니다.1주",2025-01-14,[]
73,emart24_official,ni_donggo_._#광고 #댓글이벤트 존맛탱구리 1900김밥 & 3600비빔밥을먹고 싶어지는 상황을 댓글로 남기고함께 먹고 싶은 친구를 @태그 해주세요!추첨을 통해 선물을 드립니당 ❤🍙 기간: 1/13(월)~1/19(일)🍙 발표: 1/22(수)🍙 선물: 이마트24 모바일 상품권 3천원권(5명)✨이마트24 인스타그램 팔로우 필수!!많은 참여 부탁드려요❤수정됨 · 1주,2025-01-13,"['#광고', '#댓글이벤트']"
74,emart24_official,"emart24_official인증됨이마트24 직원이 알려주는김밥/비빔밥 구매 꿀팁🍯상상할 수 없는 가성비의 끝💭무엇을 상상하든 '상상의 끝' 출시💡고물가시대에 1900원 김밥과3600원 비빔밥이라니?!🫢근데... 구매 후 앱 바코드 스캔하고📲응모하기 누르면 1,000원 쿠폰까지 준다고요?!쿠폰 적용하면 김밥은 900원,비빔밥은 2,600원이라는 사실! 👀𝙒𝙊𝙒👀1월 31일까지니깐 혜택 놓치지마시고❌이마트24에서 만나보세요💛1주",2025-01-10,[]
75,emart24_official,"emart24_official인증됨나=(마음만은) 프로 다이어터💪🏻오늘의 점심 메뉴 월드컵을 시작하지🕹️🔥통밀칠리치킨샌드위치VS F45 상큼유자닭가슴살샌드위치🔥먼저 통밀칠리치킨샌드위치🥪통밀빵, 닭가슴살샐러드, 벌꿀소스에핫칠리 소스로 매콤함 🆙다음은 F45 상큼유자닭가슴살샌드위치🥪내용물은 유자닭가슴살샐러드, 치즈,토마토 슬라이스. 양상추&프릴아이스 구성!상큼한 소스라 가볍게 한 끼로 딱👍🏻목 막힐 땐 제로음료 or 프로틴 음료 마셔주기🥤[건강하나 더!]1일부터 15일까지 1+1에💳신한카드 혹은 현대카드로 결제 후📲바코드 스캔하면 5천원 쿠폰까지 증정!이마트24에서 만나봐💛1주",2025-01-10,[]
76,emart24_official,"emart24_official인증됨💡무엇을 상상하든 상상의끝💡상상에 상상에 상상이!가격에 비빔밥에 이마트24가 만나면?업계 최저가 도전!아삭한 야채 6종과 한돈불고기 구성의가성비 빵빵한 3600 비빔밥 등장이오-!🍚3600 비빔밥이 2600원 비빔밥으로?1월 한달 간 상상의끝 상품 구매 후앱 통합바코드 스캔 시 1천원 앱 쿠폰 증정!* 응모하기 버튼 필수!#선착순100원이벤트⏰1월 10일(금) 오전 10시!⏰>>선착순 1,000명 대상<<앱에서 쿠폰받기 클릭 시 100원 쿠폰 발급!🎫🥄 비빔밥 예약픽업 (3,600원 → 100원)1주",2025-01-10,['#선착순100원이벤트⏰1월']
77,emart24_official,"emart24_official인증됨#EVENT─── ● ───25년, 해피뉴25!─── ● ───다가온 신년의 기운을 몰고🌅더욱 새로워진 1월의 신상템 공개글로벌 피트니스 브랜드, F45 콜라보부터💪미르2, 추억소환갬성 등 이마트24 단독 상품과제철을 몰고 온 스트로베리 시리즈🍓⭐️1월 2주차 신상 리스트⭐️🍚 상상_1900김밥/3600비빔밥 (1/2 NEW)🍣 F45_두부유부초밥(참깨닭가슴살) (1/9 NEW) 🍣 F45_두부유부초밥&샐러드 (1/7 NEW) 🥪 F45_상큼유자닭가슴살샌드위치 (1/7 NEW) 🥗 F45_닭가슴살&단호박샐러드 (1/7 NEW) 🍱 미르2_매콤닭갈비&돈까스도시락/푸짐한제육&불고기도시락/고깃집김치삼겹살도시락 (1/9 NEW) 🍱 추억소환갬성_추억의 옛날도시락 (1/2 NEW) 🍙 추억소환갬성_불오징어김밥 (1/2 NEW) 🍝 추억소환갬성_오징어먹물크림파스타 (1/2 NEW) 🍔 추억소환갬성_칠리오징어버거 (1/7 NEW)🍞 추억소환갬성_까망브라우니/약과에그타르트/오징어먹물크림빵80g (1/9 NEW)🥪 팡마니)통밀칠리치킨살샌드위치 (1/7 NEW)🍓 스트로베리6종_롯데)크림케익스트로베리90g/ 크라운)헬로키티스트로베리콘60g (1/9 NEW)🍓 스트로베리6종_롯데)빼빼로스트로베리37g/롯데)빈츠스트로베리102g (1/9 NEW)🍓 스트로베리6종_롯데)카스타드스트로베리230g/ 롯데)찰떡파이스트로베리250g (1/9 NEW)🍿 오뚜기)순후추팝콘55g (1/9 NEW)🍪 크라운)산도밤티라미수161g (1/9 NEW)🍪 해태)후렌치파이쁘띠초코179g (1/9 NEW)🍬 츄파춥스)오션믹스60g (1/9 NEW)🍬 투데이)스웨덴스타일젤리바나나토피향90g (1/2 NEW)#EVENT 우리 같이 먹고 놀자!이 중에 먹고 싶은 신상품이 있다면 댓글로 알려줘😋추첨을 통해 5명을 선정해 이마트24 상품권을 보내줄게!나랑 같이 먹고 놀 사람빨리 와야 될 걸~?📍이벤트 참여 기간 : 1/10(금) ~ 1/15(수)📍경품 : 이마트24 모바일 상품권 3천원권 (5명)* 이마트24 인스타그램 팔로우 필수!✨📌출시일은 점포 발주일 기준이며 점포에 따라 해당일 오후 또는 익일 오전으로 입고일이 상이합니다.1주",2025-01-10,"['#EVENT───', '#EVENT']"
78,emart24_official,"emart24_official인증됨#이벤트미르2 뉴킹덤의 열기도시락으로 소환! 🍱⚔️배가 고프면 전력도 떨어지는 법!🛡️미르2 전사들을 위해 준비한영웅급 도시락 먹고포만감 ➕100%전투력 ➕100%배고픔도 한 방에 처리하는🔥🍱푸짐한 제육&불고기 도시락🍱매콤닭갈비&돈까스 도시락🍱고깃집 김치삼겹살 도시락💳#카드할인비씨/농협/하나 카드로결제 시 30% 할인✔기간 : 2025년 1/9(목) ~ 1/31(금)📱#앱이벤트콜라보 3종 구매하고이마트24 앱 스탬프 응모하면추첨 100명 경품 증정✔기간 : 2025년 1/9(목) ~ 3/8(토), 발표 3/13(목)🎁미르2 뉴킹덤 키보드 장패드 (50명)🎁이마트24 1만원 앱쿠폰 (50명)* 응모횟수가 많을수록 당첨 확률 UP!* ID당 1일 1회 응모 가능 / 경품 랜덤 발송💬#댓글이벤트배고픈 전사의 최애 도시락은? 🍱⚔️먹고 싶은 도시락을 댓글에 남기고함께 먹고 싶은 친구를 @태그해주세요! 💪📌기간 : 1/9(목)~1/14(화), 발표 1/17(금)📌경품 : 이마트24 모바일 상품권 3천원권 (5명)* 이마트24 인스타그램 팔로우 필수!✨1주",2025-01-09,"['#이벤트미르2', '#카드할인비씨/농협/하나', '#앱이벤트콜라보', '#댓글이벤트배고픈']"
79,emart24_official,"sweatlife___jessi맛있고 건강한 식단 관심있어요?#광고⭐이마트24 X F45⭐ 완벽한 콜라보!이미 다들 알고 계시죠?! 제가 즐겨하는 F45!45분동안 완성하는 고효율 글로벌 운동인F45가 이마트24와 만나 특별한 콜라보레이션을!!!F45 닭가슴살 김밥, 유부초밥, 샌드위치, 샐러드 등건강하고 든든한 F45 콜라보 상품 5종 출시! 🤤🍙🌯🥗F45 운동 후에 먹으니 맛있는 탄단지 식단이였어요.게다가 출시 기념으로 다양한 이벤트도 하고 있으니참여하시고 경품도 꼭 받아가시길 바래요~!#EVENT 1비씨/삼성/현대카드로 결제 시 30% 할인😎 (1/7~1/31)#EVENT 2SNS에 F45 콜라보 구매인증하고 경품 받자!📍참여방법 : 이마트24(@emart24_official) 공식 인스타그램   게시물에서 구매인증 이벤트 확인📍경품 : 언더아머 운동복, 모바일 상품권 증정!1주",2025-01-09,"['#광고⭐이마트24', '#EVENT', '#EVENT']"
